CREATE DATABASE  IF NOT EXISTS `block_b` /*!40100 DEFAULT CHARACTER SET utf8mb4 COLLATE utf8mb4_0900_ai_ci */ /*!80016 DEFAULT ENCRYPTION='N' */;
USE `block_b`;
-- MySQL dump 10.13  Distrib 8.0.41, for Win64 (x86_64)
--
-- Host: 127.0.0.1    Database: block_b
-- ------------------------------------------------------
-- Server version	8.0.41

/*!40101 SET @OLD_CHARACTER_SET_CLIENT=@@CHARACTER_SET_CLIENT */;
/*!40101 SET @OLD_CHARACTER_SET_RESULTS=@@CHARACTER_SET_RESULTS */;
/*!40101 SET @OLD_COLLATION_CONNECTION=@@COLLATION_CONNECTION */;
/*!50503 SET NAMES utf8 */;
/*!40103 SET @OLD_TIME_ZONE=@@TIME_ZONE */;
/*!40103 SET TIME_ZONE='+00:00' */;
/*!40014 SET @OLD_UNIQUE_CHECKS=@@UNIQUE_CHECKS, UNIQUE_CHECKS=0 */;
/*!40014 SET @OLD_FOREIGN_KEY_CHECKS=@@FOREIGN_KEY_CHECKS, FOREIGN_KEY_CHECKS=0 */;
/*!40101 SET @OLD_SQL_MODE=@@SQL_MODE, SQL_MODE='NO_AUTO_VALUE_ON_ZERO' */;
/*!40111 SET @OLD_SQL_NOTES=@@SQL_NOTES, SQL_NOTES=0 */;

--
-- Table structure for table `attendance`
--

DROP TABLE IF EXISTS `attendance`;
/*!40101 SET @saved_cs_client     = @@character_set_client */;
/*!50503 SET character_set_client = utf8mb4 */;
CREATE TABLE `attendance` (
  `attendance_id` int NOT NULL AUTO_INCREMENT,
  `student_id` int DEFAULT NULL,
  `course_id` int DEFAULT NULL,
  `date_log` date DEFAULT NULL,
  `current_status` varchar(10) DEFAULT NULL,
  PRIMARY KEY (`attendance_id`),
  KEY `student_id` (`student_id`),
  KEY `course_id` (`course_id`),
  CONSTRAINT `attendance_ibfk_1` FOREIGN KEY (`student_id`) REFERENCES `students` (`student_id`),
  CONSTRAINT `attendance_ibfk_2` FOREIGN KEY (`course_id`) REFERENCES `courses` (`course_id`)
) ENGINE=InnoDB AUTO_INCREMENT=11 DEFAULT CHARSET=utf8mb4 COLLATE=utf8mb4_0900_ai_ci;
/*!40101 SET character_set_client = @saved_cs_client */;

--
-- Dumping data for table `attendance`
--

LOCK TABLES `attendance` WRITE;
/*!40000 ALTER TABLE `attendance` DISABLE KEYS */;
INSERT INTO `attendance` VALUES (1,1,2,'2025-01-20','Present'),(2,1,3,'2025-01-21','Present'),(3,2,4,'2025-01-22','Present'),(4,3,1,'2025-01-23','Present'),(5,4,5,'2025-01-24','Present'),(6,5,6,'2025-01-25','Late'),(7,6,7,'2025-01-26','Present'),(8,7,8,'2025-01-27','Late'),(9,8,9,'2025-01-28','Present'),(10,9,10,'2025-01-29','Late');
/*!40000 ALTER TABLE `attendance` ENABLE KEYS */;
UNLOCK TABLES;

--
-- Temporary view structure for view `course_details`
--

DROP TABLE IF EXISTS `course_details`;
/*!50001 DROP VIEW IF EXISTS `course_details`*/;
SET @saved_cs_client     = @@character_set_client;
/*!50503 SET character_set_client = utf8mb4 */;
/*!50001 CREATE VIEW `course_details` AS SELECT 
 1 AS `course_name`,
 1 AS `professor_name`*/;
SET character_set_client = @saved_cs_client;

--
-- Table structure for table `courses`
--

DROP TABLE IF EXISTS `courses`;
/*!40101 SET @saved_cs_client     = @@character_set_client */;
/*!50503 SET character_set_client = utf8mb4 */;
CREATE TABLE `courses` (
  `course_id` int NOT NULL AUTO_INCREMENT,
  `course_name` varchar(100) DEFAULT NULL,
  `professor_id` int DEFAULT NULL,
  PRIMARY KEY (`course_id`),
  KEY `professor_id` (`professor_id`),
  CONSTRAINT `courses_ibfk_1` FOREIGN KEY (`professor_id`) REFERENCES `professors` (`prof_id`) ON DELETE SET NULL ON UPDATE CASCADE
) ENGINE=InnoDB AUTO_INCREMENT=11 DEFAULT CHARSET=utf8mb4 COLLATE=utf8mb4_0900_ai_ci;
/*!40101 SET character_set_client = @saved_cs_client */;

--
-- Dumping data for table `courses`
--

LOCK TABLES `courses` WRITE;
/*!40000 ALTER TABLE `courses` DISABLE KEYS */;
INSERT INTO `courses` VALUES (1,'IT-120',1),(2,'IT-106',2),(3,'IT_ELEC-2',3),(4,'IT_ELEC-2.1',4),(5,'IT-119',5),(6,'IT-121',6),(7,'GEC-12',7),(8,'ABC-123',8),(9,'DEF-456',9),(10,'GHI-789',10);
/*!40000 ALTER TABLE `courses` ENABLE KEYS */;
UNLOCK TABLES;
/*!50003 SET @saved_cs_client      = @@character_set_client */ ;
/*!50003 SET @saved_cs_results     = @@character_set_results */ ;
/*!50003 SET @saved_col_connection = @@collation_connection */ ;
/*!50003 SET character_set_client  = utf8mb4 */ ;
/*!50003 SET character_set_results = utf8mb4 */ ;
/*!50003 SET collation_connection  = utf8mb4_0900_ai_ci */ ;
/*!50003 SET @saved_sql_mode       = @@sql_mode */ ;
/*!50003 SET sql_mode              = 'ONLY_FULL_GROUP_BY,STRICT_TRANS_TABLES,NO_ZERO_IN_DATE,NO_ZERO_DATE,ERROR_FOR_DIVISION_BY_ZERO,NO_ENGINE_SUBSTITUTION' */ ;
DELIMITER ;;
/*!50003 CREATE*/ /*!50017 DEFINER=`root`@`localhost`*/ /*!50003 TRIGGER `before_delete_courses` BEFORE DELETE ON `courses` FOR EACH ROW BEGIN
	DELETE FROM enrollments WHERE course_id= OLD.course_id;
END */;;
DELIMITER ;
/*!50003 SET sql_mode              = @saved_sql_mode */ ;
/*!50003 SET character_set_client  = @saved_cs_client */ ;
/*!50003 SET character_set_results = @saved_cs_results */ ;
/*!50003 SET collation_connection  = @saved_col_connection */ ;

--
-- Table structure for table `enrollments`
--

DROP TABLE IF EXISTS `enrollments`;
/*!40101 SET @saved_cs_client     = @@character_set_client */;
/*!50503 SET character_set_client = utf8mb4 */;
CREATE TABLE `enrollments` (
  `enrollment_id` int NOT NULL AUTO_INCREMENT,
  `student_id` int DEFAULT NULL,
  `course_id` int DEFAULT NULL,
  PRIMARY KEY (`enrollment_id`),
  KEY `student_id` (`student_id`),
  KEY `course_id` (`course_id`),
  CONSTRAINT `enrollments_ibfk_1` FOREIGN KEY (`student_id`) REFERENCES `students` (`student_id`),
  CONSTRAINT `enrollments_ibfk_2` FOREIGN KEY (`course_id`) REFERENCES `courses` (`course_id`)
) ENGINE=InnoDB AUTO_INCREMENT=11 DEFAULT CHARSET=utf8mb4 COLLATE=utf8mb4_0900_ai_ci;
/*!40101 SET character_set_client = @saved_cs_client */;

--
-- Dumping data for table `enrollments`
--

LOCK TABLES `enrollments` WRITE;
/*!40000 ALTER TABLE `enrollments` DISABLE KEYS */;
INSERT INTO `enrollments` VALUES (1,1,2),(2,1,3),(3,2,4),(4,3,1),(5,4,5),(6,5,6),(7,6,7),(8,7,8),(9,8,9),(10,9,10);
/*!40000 ALTER TABLE `enrollments` ENABLE KEYS */;
UNLOCK TABLES;

--
-- Table structure for table `grades`
--

DROP TABLE IF EXISTS `grades`;
/*!40101 SET @saved_cs_client     = @@character_set_client */;
/*!50503 SET character_set_client = utf8mb4 */;
CREATE TABLE `grades` (
  `grade_id` int NOT NULL AUTO_INCREMENT,
  `student_id` int DEFAULT NULL,
  `course_id` int DEFAULT NULL,
  `grade` decimal(2,1) DEFAULT NULL,
  PRIMARY KEY (`grade_id`),
  KEY `student_id` (`student_id`),
  KEY `course_id` (`course_id`),
  CONSTRAINT `grades_ibfk_1` FOREIGN KEY (`student_id`) REFERENCES `students` (`student_id`),
  CONSTRAINT `grades_ibfk_2` FOREIGN KEY (`course_id`) REFERENCES `courses` (`course_id`)
) ENGINE=InnoDB AUTO_INCREMENT=11 DEFAULT CHARSET=utf8mb4 COLLATE=utf8mb4_0900_ai_ci;
/*!40101 SET character_set_client = @saved_cs_client */;

--
-- Dumping data for table `grades`
--

LOCK TABLES `grades` WRITE;
/*!40000 ALTER TABLE `grades` DISABLE KEYS */;
INSERT INTO `grades` VALUES (1,1,2,1.0),(2,1,3,1.0),(3,2,4,2.1),(4,3,1,1.3),(5,4,5,2.0),(6,5,6,2.0),(7,6,7,1.3),(8,7,8,1.3),(9,8,9,1.8),(10,9,10,1.8);
/*!40000 ALTER TABLE `grades` ENABLE KEYS */;
UNLOCK TABLES;

--
-- Table structure for table `professors`
--

DROP TABLE IF EXISTS `professors`;
/*!40101 SET @saved_cs_client     = @@character_set_client */;
/*!50503 SET character_set_client = utf8mb4 */;
CREATE TABLE `professors` (
  `prof_id` int NOT NULL AUTO_INCREMENT,
  `F_name` varchar(100) DEFAULT NULL,
  `handled_subject` varchar(100) DEFAULT NULL,
  PRIMARY KEY (`prof_id`)
) ENGINE=InnoDB AUTO_INCREMENT=11 DEFAULT CHARSET=utf8mb4 COLLATE=utf8mb4_0900_ai_ci;
/*!40101 SET character_set_client = @saved_cs_client */;

--
-- Dumping data for table `professors`
--

LOCK TABLES `professors` WRITE;
/*!40000 ALTER TABLE `professors` DISABLE KEYS */;
INSERT INTO `professors` VALUES (1,'Dr. Mike','EventDrivenProg'),(2,'Dr. Jayvee','AppDev'),(3,'Prof. Christian','BDA'),(4,'Prof. Irene','E-commerce'),(5,'Prof. Rommel','IAS'),(6,'Prof. Noli','Capstone1'),(7,'Prof. Cristine','History'),(8,'Dr. Mia','Computer Science'),(9,'Dr. Riley','Mathematics'),(10,'Prof. Leah','Programming3');
/*!40000 ALTER TABLE `professors` ENABLE KEYS */;
UNLOCK TABLES;

--
-- Temporary view structure for view `student_age`
--

DROP TABLE IF EXISTS `student_age`;
/*!50001 DROP VIEW IF EXISTS `student_age`*/;
SET @saved_cs_client     = @@character_set_client;
/*!50503 SET character_set_client = utf8mb4 */;
/*!50001 CREATE VIEW `student_age` AS SELECT 
 1 AS `student_id`,
 1 AS `L_name`,
 1 AS `age`*/;
SET character_set_client = @saved_cs_client;

--
-- Temporary view structure for view `student_attendance`
--

DROP TABLE IF EXISTS `student_attendance`;
/*!50001 DROP VIEW IF EXISTS `student_attendance`*/;
SET @saved_cs_client     = @@character_set_client;
/*!50503 SET character_set_client = utf8mb4 */;
/*!50001 CREATE VIEW `student_attendance` AS SELECT 
 1 AS `F_name`,
 1 AS `course_name`,
 1 AS `date_log`,
 1 AS `current_status`*/;
SET character_set_client = @saved_cs_client;

--
-- Temporary view structure for view `student_grades`
--

DROP TABLE IF EXISTS `student_grades`;
/*!50001 DROP VIEW IF EXISTS `student_grades`*/;
SET @saved_cs_client     = @@character_set_client;
/*!50503 SET character_set_client = utf8mb4 */;
/*!50001 CREATE VIEW `student_grades` AS SELECT 
 1 AS `F_name`,
 1 AS `course_name`,
 1 AS `grade`*/;
SET character_set_client = @saved_cs_client;

--
-- Temporary view structure for view `student_prof`
--

DROP TABLE IF EXISTS `student_prof`;
/*!50001 DROP VIEW IF EXISTS `student_prof`*/;
SET @saved_cs_client     = @@character_set_client;
/*!50503 SET character_set_client = utf8mb4 */;
/*!50001 CREATE VIEW `student_prof` AS SELECT 
 1 AS `student_id`,
 1 AS `Student`,
 1 AS `Professor`*/;
SET character_set_client = @saved_cs_client;

--
-- Table structure for table `students`
--

DROP TABLE IF EXISTS `students`;
/*!40101 SET @saved_cs_client     = @@character_set_client */;
/*!50503 SET character_set_client = utf8mb4 */;
CREATE TABLE `students` (
  `student_id` int NOT NULL AUTO_INCREMENT,
  `L_name` varchar(50) DEFAULT NULL,
  `F_name` varchar(50) DEFAULT NULL,
  `age` int DEFAULT NULL,
  `prof_id` int DEFAULT NULL,
  PRIMARY KEY (`student_id`),
  KEY `fk_professor` (`prof_id`),
  CONSTRAINT `fk_professor` FOREIGN KEY (`prof_id`) REFERENCES `professors` (`prof_id`) ON DELETE SET NULL ON UPDATE CASCADE
) ENGINE=InnoDB AUTO_INCREMENT=11 DEFAULT CHARSET=utf8mb4 COLLATE=utf8mb4_0900_ai_ci;
/*!40101 SET character_set_client = @saved_cs_client */;

--
-- Dumping data for table `students`
--

LOCK TABLES `students` WRITE;
/*!40000 ALTER TABLE `students` DISABLE KEYS */;
INSERT INTO `students` VALUES (1,'Ayo','Laurence',24,NULL),(2,'Mortega','Ron',21,NULL),(3,'Belaro','Ivan',21,NULL),(4,'Marquez','Aeron',21,NULL),(5,'Caisip','Francis',21,NULL),(6,'Barreda','Mark',21,NULL),(7,'Clemente','Neco',21,NULL),(8,'Sinogba','Carl',21,NULL),(9,'Dave','Dave',21,NULL),(10,'Cabalbag','Adornado',21,NULL);
/*!40000 ALTER TABLE `students` ENABLE KEYS */;
UNLOCK TABLES;
/*!50003 SET @saved_cs_client      = @@character_set_client */ ;
/*!50003 SET @saved_cs_results     = @@character_set_results */ ;
/*!50003 SET @saved_col_connection = @@collation_connection */ ;
/*!50003 SET character_set_client  = utf8mb4 */ ;
/*!50003 SET character_set_results = utf8mb4 */ ;
/*!50003 SET collation_connection  = utf8mb4_0900_ai_ci */ ;
/*!50003 SET @saved_sql_mode       = @@sql_mode */ ;
/*!50003 SET sql_mode              = 'ONLY_FULL_GROUP_BY,STRICT_TRANS_TABLES,NO_ZERO_IN_DATE,NO_ZERO_DATE,ERROR_FOR_DIVISION_BY_ZERO,NO_ENGINE_SUBSTITUTION' */ ;
DELIMITER ;;
/*!50003 CREATE*/ /*!50017 DEFINER=`root`@`localhost`*/ /*!50003 TRIGGER `after_insert_students` AFTER INSERT ON `students` FOR EACH ROW BEGIN
	INSERT INTO transactions (student_id, amount, transaction_date)
    VALUES (NEW.student_id, 0.00, CURDATE());
END */;;
DELIMITER ;
/*!50003 SET sql_mode              = @saved_sql_mode */ ;
/*!50003 SET character_set_client  = @saved_cs_client */ ;
/*!50003 SET character_set_results = @saved_cs_results */ ;
/*!50003 SET collation_connection  = @saved_col_connection */ ;
/*!50003 SET @saved_cs_client      = @@character_set_client */ ;
/*!50003 SET @saved_cs_results     = @@character_set_results */ ;
/*!50003 SET @saved_col_connection = @@collation_connection */ ;
/*!50003 SET character_set_client  = utf8mb4 */ ;
/*!50003 SET character_set_results = utf8mb4 */ ;
/*!50003 SET collation_connection  = utf8mb4_0900_ai_ci */ ;
/*!50003 SET @saved_sql_mode       = @@sql_mode */ ;
/*!50003 SET sql_mode              = 'ONLY_FULL_GROUP_BY,STRICT_TRANS_TABLES,NO_ZERO_IN_DATE,NO_ZERO_DATE,ERROR_FOR_DIVISION_BY_ZERO,NO_ENGINE_SUBSTITUTION' */ ;
DELIMITER ;;
/*!50003 CREATE*/ /*!50017 DEFINER=`root`@`localhost`*/ /*!50003 TRIGGER `after_delete_students` AFTER DELETE ON `students` FOR EACH ROW BEGIN
	INSERT INTO transactions (student_id, amount, transaction_date)
    VALUES (OLD.student_id, 0.00 , CURDATE());
END */;;
DELIMITER ;
/*!50003 SET sql_mode              = @saved_sql_mode */ ;
/*!50003 SET character_set_client  = @saved_cs_client */ ;
/*!50003 SET character_set_results = @saved_cs_results */ ;
/*!50003 SET collation_connection  = @saved_col_connection */ ;

--
-- Temporary view structure for view `transact_history`
--

DROP TABLE IF EXISTS `transact_history`;
/*!50001 DROP VIEW IF EXISTS `transact_history`*/;
SET @saved_cs_client     = @@character_set_client;
/*!50503 SET character_set_client = utf8mb4 */;
/*!50001 CREATE VIEW `transact_history` AS SELECT 
 1 AS `transaction_id`,
 1 AS `student_id`,
 1 AS `amount`*/;
SET character_set_client = @saved_cs_client;

--
-- Table structure for table `transactions`
--

DROP TABLE IF EXISTS `transactions`;
/*!40101 SET @saved_cs_client     = @@character_set_client */;
/*!50503 SET character_set_client = utf8mb4 */;
CREATE TABLE `transactions` (
  `transaction_id` int NOT NULL AUTO_INCREMENT,
  `student_id` int DEFAULT NULL,
  `amount` decimal(10,2) DEFAULT NULL,
  `transaction_date` date DEFAULT NULL,
  PRIMARY KEY (`transaction_id`),
  KEY `student_id` (`student_id`),
  CONSTRAINT `transactions_ibfk_1` FOREIGN KEY (`student_id`) REFERENCES `students` (`student_id`) ON DELETE CASCADE ON UPDATE CASCADE
) ENGINE=InnoDB AUTO_INCREMENT=11 DEFAULT CHARSET=utf8mb4 COLLATE=utf8mb4_0900_ai_ci;
/*!40101 SET character_set_client = @saved_cs_client */;

--
-- Dumping data for table `transactions`
--

LOCK TABLES `transactions` WRITE;
/*!40000 ALTER TABLE `transactions` DISABLE KEYS */;
INSERT INTO `transactions` VALUES (1,1,150.00,'2025-01-10'),(2,2,200.00,'2025-01-12'),(3,3,100.00,'2025-01-15'),(4,4,250.00,'2025-01-18'),(5,5,300.00,'2025-01-20'),(6,6,120.00,'2025-01-22'),(7,7,180.00,'2025-01-23'),(8,8,220.00,'2025-01-25'),(9,9,110.00,'2025-01-27'),(10,10,130.00,'2025-01-28');
/*!40000 ALTER TABLE `transactions` ENABLE KEYS */;
UNLOCK TABLES;
/*!50003 SET @saved_cs_client      = @@character_set_client */ ;
/*!50003 SET @saved_cs_results     = @@character_set_results */ ;
/*!50003 SET @saved_col_connection = @@collation_connection */ ;
/*!50003 SET character_set_client  = utf8mb4 */ ;
/*!50003 SET character_set_results = utf8mb4 */ ;
/*!50003 SET collation_connection  = utf8mb4_0900_ai_ci */ ;
/*!50003 SET @saved_sql_mode       = @@sql_mode */ ;
/*!50003 SET sql_mode              = 'ONLY_FULL_GROUP_BY,STRICT_TRANS_TABLES,NO_ZERO_IN_DATE,NO_ZERO_DATE,ERROR_FOR_DIVISION_BY_ZERO,NO_ENGINE_SUBSTITUTION' */ ;
DELIMITER ;;
/*!50003 CREATE*/ /*!50017 DEFINER=`root`@`localhost`*/ /*!50003 TRIGGER `after_update_transactions` AFTER UPDATE ON `transactions` FOR EACH ROW BEGIN
	INSERT INTO attendance (student_id, course_id, date_log, current_status)
    VALUES (NEW.student_id, 1, CURDATE(), 'Updated');
END */;;
DELIMITER ;
/*!50003 SET sql_mode              = @saved_sql_mode */ ;
/*!50003 SET character_set_client  = @saved_cs_client */ ;
/*!50003 SET character_set_results = @saved_cs_results */ ;
/*!50003 SET collation_connection  = @saved_col_connection */ ;

--
-- Dumping events for database 'block_b'
--
/*!50106 SET @save_time_zone= @@TIME_ZONE */ ;
/*!50106 DROP EVENT IF EXISTS `delete_old_attendance` */;
DELIMITER ;;
/*!50003 SET @saved_cs_client      = @@character_set_client */ ;;
/*!50003 SET @saved_cs_results     = @@character_set_results */ ;;
/*!50003 SET @saved_col_connection = @@collation_connection */ ;;
/*!50003 SET character_set_client  = utf8mb4 */ ;;
/*!50003 SET character_set_results = utf8mb4 */ ;;
/*!50003 SET collation_connection  = utf8mb4_0900_ai_ci */ ;;
/*!50003 SET @saved_sql_mode       = @@sql_mode */ ;;
/*!50003 SET sql_mode              = 'ONLY_FULL_GROUP_BY,STRICT_TRANS_TABLES,NO_ZERO_IN_DATE,NO_ZERO_DATE,ERROR_FOR_DIVISION_BY_ZERO,NO_ENGINE_SUBSTITUTION' */ ;;
/*!50003 SET @saved_time_zone      = @@time_zone */ ;;
/*!50003 SET time_zone             = 'SYSTEM' */ ;;
/*!50106 CREATE*/ /*!50117 DEFINER=`root`@`localhost`*/ /*!50106 EVENT `delete_old_attendance` ON SCHEDULE EVERY 1 MONTH STARTS '2025-04-01 16:35:09' ON COMPLETION NOT PRESERVE ENABLE DO DELETE FROM attendance WHERE date_log < CURDATE() - INTERVAL 6 MONTH; */ ;;
/*!50003 SET time_zone             = @saved_time_zone */ ;;
/*!50003 SET sql_mode              = @saved_sql_mode */ ;;
/*!50003 SET character_set_client  = @saved_cs_client */ ;;
/*!50003 SET character_set_results = @saved_cs_results */ ;;
/*!50003 SET collation_connection  = @saved_col_connection */ ;;
/*!50106 DROP EVENT IF EXISTS `flag_at_risk_students` */;;
DELIMITER ;;
/*!50003 SET @saved_cs_client      = @@character_set_client */ ;;
/*!50003 SET @saved_cs_results     = @@character_set_results */ ;;
/*!50003 SET @saved_col_connection = @@collation_connection */ ;;
/*!50003 SET character_set_client  = utf8mb4 */ ;;
/*!50003 SET character_set_results = utf8mb4 */ ;;
/*!50003 SET collation_connection  = utf8mb4_0900_ai_ci */ ;;
/*!50003 SET @saved_sql_mode       = @@sql_mode */ ;;
/*!50003 SET sql_mode              = 'ONLY_FULL_GROUP_BY,STRICT_TRANS_TABLES,NO_ZERO_IN_DATE,NO_ZERO_DATE,ERROR_FOR_DIVISION_BY_ZERO,NO_ENGINE_SUBSTITUTION' */ ;;
/*!50003 SET @saved_time_zone      = @@time_zone */ ;;
/*!50003 SET time_zone             = 'SYSTEM' */ ;;
/*!50106 CREATE*/ /*!50117 DEFINER=`root`@`localhost`*/ /*!50106 EVENT `flag_at_risk_students` ON SCHEDULE AT '2025-06-01 00:00:00' ON COMPLETION NOT PRESERVE ENABLE DO UPDATE students
SET L_name= CONCAT(L_name, '(At Risk)')
WHERE student_id IN (SELECT student_id FROM grades WHERE grade >= 2.0); */ ;;
/*!50003 SET time_zone             = @saved_time_zone */ ;;
/*!50003 SET sql_mode              = @saved_sql_mode */ ;;
/*!50003 SET character_set_client  = @saved_cs_client */ ;;
/*!50003 SET character_set_results = @saved_cs_results */ ;;
/*!50003 SET collation_connection  = @saved_col_connection */ ;;
DELIMITER ;
/*!50106 SET TIME_ZONE= @save_time_zone */ ;

--
-- Dumping routines for database 'block_b'
--
/*!50003 DROP FUNCTION IF EXISTS `get_attendance_status` */;
/*!50003 SET @saved_cs_client      = @@character_set_client */ ;
/*!50003 SET @saved_cs_results     = @@character_set_results */ ;
/*!50003 SET @saved_col_connection = @@collation_connection */ ;
/*!50003 SET character_set_client  = utf8mb4 */ ;
/*!50003 SET character_set_results = utf8mb4 */ ;
/*!50003 SET collation_connection  = utf8mb4_0900_ai_ci */ ;
/*!50003 SET @saved_sql_mode       = @@sql_mode */ ;
/*!50003 SET sql_mode              = 'ONLY_FULL_GROUP_BY,STRICT_TRANS_TABLES,NO_ZERO_IN_DATE,NO_ZERO_DATE,ERROR_FOR_DIVISION_BY_ZERO,NO_ENGINE_SUBSTITUTION' */ ;
DELIMITER ;;
CREATE DEFINER=`root`@`localhost` FUNCTION `get_attendance_status`(studentID INT, courseID INT) RETURNS varchar(100) CHARSET utf8mb4
    DETERMINISTIC
BEGIN
	DECLARE attendance_status VARCHAR(100);
    SELECT current_status INTO attendance_status FROM attendance
    WHERE student_id= studentID AND course_id= courseID
    ORDER BY date_log DESC LIMIT 1;
    RETURN IFNULL(attendance_status, 'No Record');
END ;;
DELIMITER ;
/*!50003 SET sql_mode              = @saved_sql_mode */ ;
/*!50003 SET character_set_client  = @saved_cs_client */ ;
/*!50003 SET character_set_results = @saved_cs_results */ ;
/*!50003 SET collation_connection  = @saved_col_connection */ ;
/*!50003 DROP FUNCTION IF EXISTS `get_highest_grade` */;
/*!50003 SET @saved_cs_client      = @@character_set_client */ ;
/*!50003 SET @saved_cs_results     = @@character_set_results */ ;
/*!50003 SET @saved_col_connection = @@collation_connection */ ;
/*!50003 SET character_set_client  = utf8mb4 */ ;
/*!50003 SET character_set_results = utf8mb4 */ ;
/*!50003 SET collation_connection  = utf8mb4_0900_ai_ci */ ;
/*!50003 SET @saved_sql_mode       = @@sql_mode */ ;
/*!50003 SET sql_mode              = 'ONLY_FULL_GROUP_BY,STRICT_TRANS_TABLES,NO_ZERO_IN_DATE,NO_ZERO_DATE,ERROR_FOR_DIVISION_BY_ZERO,NO_ENGINE_SUBSTITUTION' */ ;
DELIMITER ;;
CREATE DEFINER=`root`@`localhost` FUNCTION `get_highest_grade`( studentID INT) RETURNS decimal(2,1)
    DETERMINISTIC
BEGIN
	DECLARE highest DECIMAL(2,1);
    SELECT MAX(grade) INTO highest FROM grades WHERE student_id= studentID;
    RETURN IFNULL(highest,0);
END ;;
DELIMITER ;
/*!50003 SET sql_mode              = @saved_sql_mode */ ;
/*!50003 SET character_set_client  = @saved_cs_client */ ;
/*!50003 SET character_set_results = @saved_cs_results */ ;
/*!50003 SET collation_connection  = @saved_col_connection */ ;
/*!50003 DROP FUNCTION IF EXISTS `get_professor_by_course` */;
/*!50003 SET @saved_cs_client      = @@character_set_client */ ;
/*!50003 SET @saved_cs_results     = @@character_set_results */ ;
/*!50003 SET @saved_col_connection = @@collation_connection */ ;
/*!50003 SET character_set_client  = utf8mb4 */ ;
/*!50003 SET character_set_results = utf8mb4 */ ;
/*!50003 SET collation_connection  = utf8mb4_0900_ai_ci */ ;
/*!50003 SET @saved_sql_mode       = @@sql_mode */ ;
/*!50003 SET sql_mode              = 'ONLY_FULL_GROUP_BY,STRICT_TRANS_TABLES,NO_ZERO_IN_DATE,NO_ZERO_DATE,ERROR_FOR_DIVISION_BY_ZERO,NO_ENGINE_SUBSTITUTION' */ ;
DELIMITER ;;
CREATE DEFINER=`root`@`localhost` FUNCTION `get_professor_by_course`(courseID INT) RETURNS varchar(100) CHARSET utf8mb4
    DETERMINISTIC
BEGIN
	DECLARE profName VARCHAR(100);
    SELECT p.F_name INTO profName FROM professors p
    JOIN courses c ON p.prof_id= c.professor_id
    WHERE c.course_id= courseID;
    RETURN profName;
END ;;
DELIMITER ;
/*!50003 SET sql_mode              = @saved_sql_mode */ ;
/*!50003 SET character_set_client  = @saved_cs_client */ ;
/*!50003 SET character_set_results = @saved_cs_results */ ;
/*!50003 SET collation_connection  = @saved_col_connection */ ;
/*!50003 DROP FUNCTION IF EXISTS `get_student_name` */;
/*!50003 SET @saved_cs_client      = @@character_set_client */ ;
/*!50003 SET @saved_cs_results     = @@character_set_results */ ;
/*!50003 SET @saved_col_connection = @@collation_connection */ ;
/*!50003 SET character_set_client  = utf8mb4 */ ;
/*!50003 SET character_set_results = utf8mb4 */ ;
/*!50003 SET collation_connection  = utf8mb4_0900_ai_ci */ ;
/*!50003 SET @saved_sql_mode       = @@sql_mode */ ;
/*!50003 SET sql_mode              = 'ONLY_FULL_GROUP_BY,STRICT_TRANS_TABLES,NO_ZERO_IN_DATE,NO_ZERO_DATE,ERROR_FOR_DIVISION_BY_ZERO,NO_ENGINE_SUBSTITUTION' */ ;
DELIMITER ;;
CREATE DEFINER=`root`@`localhost` FUNCTION `get_student_name`(studentID INT) RETURNS varchar(100) CHARSET utf8mb4
    DETERMINISTIC
BEGIN
	DECLARE fullname VARCHAR(100);
    SELECT CONCAT(F_name, ' ', L_name) INTO fullname FROM students WHERE student_id= studentID;
    RETURN fullname;
END ;;
DELIMITER ;
/*!50003 SET sql_mode              = @saved_sql_mode */ ;
/*!50003 SET character_set_client  = @saved_cs_client */ ;
/*!50003 SET character_set_results = @saved_cs_results */ ;
/*!50003 SET collation_connection  = @saved_col_connection */ ;
/*!50003 DROP FUNCTION IF EXISTS `get_total_trasaction` */;
/*!50003 SET @saved_cs_client      = @@character_set_client */ ;
/*!50003 SET @saved_cs_results     = @@character_set_results */ ;
/*!50003 SET @saved_col_connection = @@collation_connection */ ;
/*!50003 SET character_set_client  = utf8mb4 */ ;
/*!50003 SET character_set_results = utf8mb4 */ ;
/*!50003 SET collation_connection  = utf8mb4_0900_ai_ci */ ;
/*!50003 SET @saved_sql_mode       = @@sql_mode */ ;
/*!50003 SET sql_mode              = 'ONLY_FULL_GROUP_BY,STRICT_TRANS_TABLES,NO_ZERO_IN_DATE,NO_ZERO_DATE,ERROR_FOR_DIVISION_BY_ZERO,NO_ENGINE_SUBSTITUTION' */ ;
DELIMITER ;;
CREATE DEFINER=`root`@`localhost` FUNCTION `get_total_trasaction`(studentID INT) RETURNS decimal(10,2)
    DETERMINISTIC
BEGIN
	DECLARE total DECIMAL(10,2);
    SELECT SUM(amount) INTO total FROM transactions WHERE student_id= studentID;
    RETURN IFNULL(total,0);
END ;;
DELIMITER ;
/*!50003 SET sql_mode              = @saved_sql_mode */ ;
/*!50003 SET character_set_client  = @saved_cs_client */ ;
/*!50003 SET character_set_results = @saved_cs_results */ ;
/*!50003 SET collation_connection  = @saved_col_connection */ ;
/*!50003 DROP PROCEDURE IF EXISTS `AddStudent` */;
/*!50003 SET @saved_cs_client      = @@character_set_client */ ;
/*!50003 SET @saved_cs_results     = @@character_set_results */ ;
/*!50003 SET @saved_col_connection = @@collation_connection */ ;
/*!50003 SET character_set_client  = utf8mb4 */ ;
/*!50003 SET character_set_results = utf8mb4 */ ;
/*!50003 SET collation_connection  = utf8mb4_0900_ai_ci */ ;
/*!50003 SET @saved_sql_mode       = @@sql_mode */ ;
/*!50003 SET sql_mode              = 'ONLY_FULL_GROUP_BY,STRICT_TRANS_TABLES,NO_ZERO_IN_DATE,NO_ZERO_DATE,ERROR_FOR_DIVISION_BY_ZERO,NO_ENGINE_SUBSTITUTION' */ ;
DELIMITER ;;
CREATE DEFINER=`root`@`localhost` PROCEDURE `AddStudent`(IN lname VARCHAR(50), IN fname VARCHAR(50), IN student_age INT)
BEGIN
    INSERT INTO students (L_name, F_name, age) VALUES (lname, fname, student_age);
END ;;
DELIMITER ;
/*!50003 SET sql_mode              = @saved_sql_mode */ ;
/*!50003 SET character_set_client  = @saved_cs_client */ ;
/*!50003 SET character_set_results = @saved_cs_results */ ;
/*!50003 SET collation_connection  = @saved_col_connection */ ;
/*!50003 DROP PROCEDURE IF EXISTS `check_attendance` */;
/*!50003 SET @saved_cs_client      = @@character_set_client */ ;
/*!50003 SET @saved_cs_results     = @@character_set_results */ ;
/*!50003 SET @saved_col_connection = @@collation_connection */ ;
/*!50003 SET character_set_client  = utf8mb4 */ ;
/*!50003 SET character_set_results = utf8mb4 */ ;
/*!50003 SET collation_connection  = utf8mb4_0900_ai_ci */ ;
/*!50003 SET @saved_sql_mode       = @@sql_mode */ ;
/*!50003 SET sql_mode              = 'ONLY_FULL_GROUP_BY,STRICT_TRANS_TABLES,NO_ZERO_IN_DATE,NO_ZERO_DATE,ERROR_FOR_DIVISION_BY_ZERO,NO_ENGINE_SUBSTITUTION' */ ;
DELIMITER ;;
CREATE DEFINER=`root`@`localhost` PROCEDURE `check_attendance`(studentID INT, courseID INT)
BEGIN
	SELECT get_attendance_status(studentID, courseID) AS Attendance_Status;
END ;;
DELIMITER ;
/*!50003 SET sql_mode              = @saved_sql_mode */ ;
/*!50003 SET character_set_client  = @saved_cs_client */ ;
/*!50003 SET character_set_results = @saved_cs_results */ ;
/*!50003 SET collation_connection  = @saved_col_connection */ ;
/*!50003 DROP PROCEDURE IF EXISTS `GetTransactions` */;
/*!50003 SET @saved_cs_client      = @@character_set_client */ ;
/*!50003 SET @saved_cs_results     = @@character_set_results */ ;
/*!50003 SET @saved_col_connection = @@collation_connection */ ;
/*!50003 SET character_set_client  = utf8mb4 */ ;
/*!50003 SET character_set_results = utf8mb4 */ ;
/*!50003 SET collation_connection  = utf8mb4_0900_ai_ci */ ;
/*!50003 SET @saved_sql_mode       = @@sql_mode */ ;
/*!50003 SET sql_mode              = 'ONLY_FULL_GROUP_BY,STRICT_TRANS_TABLES,NO_ZERO_IN_DATE,NO_ZERO_DATE,ERROR_FOR_DIVISION_BY_ZERO,NO_ENGINE_SUBSTITUTION' */ ;
DELIMITER ;;
CREATE DEFINER=`root`@`localhost` PROCEDURE `GetTransactions`(IN student_id INT)
BEGIN
    SELECT * FROM transactions WHERE transactions.student_id = student_id;
END ;;
DELIMITER ;
/*!50003 SET sql_mode              = @saved_sql_mode */ ;
/*!50003 SET character_set_client  = @saved_cs_client */ ;
/*!50003 SET character_set_results = @saved_cs_results */ ;
/*!50003 SET collation_connection  = @saved_col_connection */ ;
/*!50003 DROP PROCEDURE IF EXISTS `ListStudentNames` */;
/*!50003 SET @saved_cs_client      = @@character_set_client */ ;
/*!50003 SET @saved_cs_results     = @@character_set_results */ ;
/*!50003 SET @saved_col_connection = @@collation_connection */ ;
/*!50003 SET character_set_client  = utf8mb4 */ ;
/*!50003 SET character_set_results = utf8mb4 */ ;
/*!50003 SET collation_connection  = utf8mb4_0900_ai_ci */ ;
/*!50003 SET @saved_sql_mode       = @@sql_mode */ ;
/*!50003 SET sql_mode              = 'ONLY_FULL_GROUP_BY,STRICT_TRANS_TABLES,NO_ZERO_IN_DATE,NO_ZERO_DATE,ERROR_FOR_DIVISION_BY_ZERO,NO_ENGINE_SUBSTITUTION' */ ;
DELIMITER ;;
CREATE DEFINER=`root`@`localhost` PROCEDURE `ListStudentNames`()
BEGIN
    DECLARE done INT DEFAULT 0;
    DECLARE student_name VARCHAR(50);
    DECLARE cur CURSOR FOR SELECT F_name FROM students;
    DECLARE CONTINUE HANDLER FOR NOT FOUND SET done = 1;
    
    OPEN cur;
    read_loop: LOOP
        FETCH cur INTO student_name;
        IF done THEN
            LEAVE read_loop;
        END IF;
        SELECT student_name;
    END LOOP;
    CLOSE cur;
END ;;
DELIMITER ;
/*!50003 SET sql_mode              = @saved_sql_mode */ ;
/*!50003 SET character_set_client  = @saved_cs_client */ ;
/*!50003 SET character_set_results = @saved_cs_results */ ;
/*!50003 SET collation_connection  = @saved_col_connection */ ;
/*!50003 DROP PROCEDURE IF EXISTS `show_highest_grade` */;
/*!50003 SET @saved_cs_client      = @@character_set_client */ ;
/*!50003 SET @saved_cs_results     = @@character_set_results */ ;
/*!50003 SET @saved_col_connection = @@collation_connection */ ;
/*!50003 SET character_set_client  = utf8mb4 */ ;
/*!50003 SET character_set_results = utf8mb4 */ ;
/*!50003 SET collation_connection  = utf8mb4_0900_ai_ci */ ;
/*!50003 SET @saved_sql_mode       = @@sql_mode */ ;
/*!50003 SET sql_mode              = 'ONLY_FULL_GROUP_BY,STRICT_TRANS_TABLES,NO_ZERO_IN_DATE,NO_ZERO_DATE,ERROR_FOR_DIVISION_BY_ZERO,NO_ENGINE_SUBSTITUTION' */ ;
DELIMITER ;;
CREATE DEFINER=`root`@`localhost` PROCEDURE `show_highest_grade`(studentID INT)
BEGIN
	SELECT get_highest_grade(studentID) AS Highest_Grade;
END ;;
DELIMITER ;
/*!50003 SET sql_mode              = @saved_sql_mode */ ;
/*!50003 SET character_set_client  = @saved_cs_client */ ;
/*!50003 SET character_set_results = @saved_cs_results */ ;
/*!50003 SET collation_connection  = @saved_col_connection */ ;
/*!50003 DROP PROCEDURE IF EXISTS `TotalStudentTransactions` */;
/*!50003 SET @saved_cs_client      = @@character_set_client */ ;
/*!50003 SET @saved_cs_results     = @@character_set_results */ ;
/*!50003 SET @saved_col_connection = @@collation_connection */ ;
/*!50003 SET character_set_client  = utf8mb4 */ ;
/*!50003 SET character_set_results = utf8mb4 */ ;
/*!50003 SET collation_connection  = utf8mb4_0900_ai_ci */ ;
/*!50003 SET @saved_sql_mode       = @@sql_mode */ ;
/*!50003 SET sql_mode              = 'ONLY_FULL_GROUP_BY,STRICT_TRANS_TABLES,NO_ZERO_IN_DATE,NO_ZERO_DATE,ERROR_FOR_DIVISION_BY_ZERO,NO_ENGINE_SUBSTITUTION' */ ;
DELIMITER ;;
CREATE DEFINER=`root`@`localhost` PROCEDURE `TotalStudentTransactions`(IN student_id INT, OUT total_amount DECIMAL(10,2))
BEGIN
    DECLARE done INT DEFAULT 0;
    DECLARE temp_amount DECIMAL(10,2);
    DECLARE cur CURSOR FOR SELECT amount FROM transactions WHERE student_id = student_id;
    DECLARE CONTINUE HANDLER FOR NOT FOUND SET done = 1;

    SET total_amount = 0;
    OPEN cur;
    read_loop: LOOP
        FETCH cur INTO temp_amount;
        IF done THEN
            LEAVE read_loop;
        END IF;
        SET total_amount = total_amount + temp_amount;
    END LOOP;
    CLOSE cur;
END ;;
DELIMITER ;
/*!50003 SET sql_mode              = @saved_sql_mode */ ;
/*!50003 SET character_set_client  = @saved_cs_client */ ;
/*!50003 SET character_set_results = @saved_cs_results */ ;
/*!50003 SET collation_connection  = @saved_col_connection */ ;

--
-- Final view structure for view `course_details`
--

/*!50001 DROP VIEW IF EXISTS `course_details`*/;
/*!50001 SET @saved_cs_client          = @@character_set_client */;
/*!50001 SET @saved_cs_results         = @@character_set_results */;
/*!50001 SET @saved_col_connection     = @@collation_connection */;
/*!50001 SET character_set_client      = utf8mb4 */;
/*!50001 SET character_set_results     = utf8mb4 */;
/*!50001 SET collation_connection      = utf8mb4_0900_ai_ci */;
/*!50001 CREATE ALGORITHM=UNDEFINED */
/*!50013 DEFINER=`root`@`localhost` SQL SECURITY DEFINER */
/*!50001 VIEW `course_details` AS select `c`.`course_name` AS `course_name`,`get_professor_by_course`(`c`.`course_id`) AS `professor_name` from `courses` `c` */;
/*!50001 SET character_set_client      = @saved_cs_client */;
/*!50001 SET character_set_results     = @saved_cs_results */;
/*!50001 SET collation_connection      = @saved_col_connection */;

--
-- Final view structure for view `student_age`
--

/*!50001 DROP VIEW IF EXISTS `student_age`*/;
/*!50001 SET @saved_cs_client          = @@character_set_client */;
/*!50001 SET @saved_cs_results         = @@character_set_results */;
/*!50001 SET @saved_col_connection     = @@collation_connection */;
/*!50001 SET character_set_client      = cp850 */;
/*!50001 SET character_set_results     = cp850 */;
/*!50001 SET collation_connection      = cp850_general_ci */;
/*!50001 CREATE ALGORITHM=UNDEFINED */
/*!50013 DEFINER=`root`@`localhost` SQL SECURITY DEFINER */
/*!50001 VIEW `student_age` AS select `students`.`student_id` AS `student_id`,`students`.`L_name` AS `L_name`,`students`.`age` AS `age` from `students` */;
/*!50001 SET character_set_client      = @saved_cs_client */;
/*!50001 SET character_set_results     = @saved_cs_results */;
/*!50001 SET collation_connection      = @saved_col_connection */;

--
-- Final view structure for view `student_attendance`
--

/*!50001 DROP VIEW IF EXISTS `student_attendance`*/;
/*!50001 SET @saved_cs_client          = @@character_set_client */;
/*!50001 SET @saved_cs_results         = @@character_set_results */;
/*!50001 SET @saved_col_connection     = @@collation_connection */;
/*!50001 SET character_set_client      = cp850 */;
/*!50001 SET character_set_results     = cp850 */;
/*!50001 SET collation_connection      = cp850_general_ci */;
/*!50001 CREATE ALGORITHM=UNDEFINED */
/*!50013 DEFINER=`root`@`localhost` SQL SECURITY DEFINER */
/*!50001 VIEW `student_attendance` AS select `s`.`F_name` AS `F_name`,`c`.`course_name` AS `course_name`,`a`.`date_log` AS `date_log`,`a`.`current_status` AS `current_status` from ((`attendance` `a` join `students` `s` on((`a`.`student_id` = `s`.`student_id`))) join `courses` `c` on((`a`.`course_id` = `c`.`course_id`))) */;
/*!50001 SET character_set_client      = @saved_cs_client */;
/*!50001 SET character_set_results     = @saved_cs_results */;
/*!50001 SET collation_connection      = @saved_col_connection */;

--
-- Final view structure for view `student_grades`
--

/*!50001 DROP VIEW IF EXISTS `student_grades`*/;
/*!50001 SET @saved_cs_client          = @@character_set_client */;
/*!50001 SET @saved_cs_results         = @@character_set_results */;
/*!50001 SET @saved_col_connection     = @@collation_connection */;
/*!50001 SET character_set_client      = cp850 */;
/*!50001 SET character_set_results     = cp850 */;
/*!50001 SET collation_connection      = cp850_general_ci */;
/*!50001 CREATE ALGORITHM=UNDEFINED */
/*!50013 DEFINER=`root`@`localhost` SQL SECURITY DEFINER */
/*!50001 VIEW `student_grades` AS select `s`.`F_name` AS `F_name`,`c`.`course_name` AS `course_name`,`g`.`grade` AS `grade` from ((`grades` `g` join `students` `s` on((`g`.`student_id` = `s`.`student_id`))) join `courses` `c` on((`g`.`course_id` = `c`.`course_id`))) */;
/*!50001 SET character_set_client      = @saved_cs_client */;
/*!50001 SET character_set_results     = @saved_cs_results */;
/*!50001 SET collation_connection      = @saved_col_connection */;

--
-- Final view structure for view `student_prof`
--

/*!50001 DROP VIEW IF EXISTS `student_prof`*/;
/*!50001 SET @saved_cs_client          = @@character_set_client */;
/*!50001 SET @saved_cs_results         = @@character_set_results */;
/*!50001 SET @saved_col_connection     = @@collation_connection */;
/*!50001 SET character_set_client      = cp850 */;
/*!50001 SET character_set_results     = cp850 */;
/*!50001 SET collation_connection      = cp850_general_ci */;
/*!50001 CREATE ALGORITHM=UNDEFINED */
/*!50013 DEFINER=`root`@`localhost` SQL SECURITY DEFINER */
/*!50001 VIEW `student_prof` AS select `s`.`student_id` AS `student_id`,`s`.`F_name` AS `Student`,`p`.`F_name` AS `Professor` from (`students` `s` join `professors` `p` on((`s`.`prof_id` = `p`.`prof_id`))) */;
/*!50001 SET character_set_client      = @saved_cs_client */;
/*!50001 SET character_set_results     = @saved_cs_results */;
/*!50001 SET collation_connection      = @saved_col_connection */;

--
-- Final view structure for view `transact_history`
--

/*!50001 DROP VIEW IF EXISTS `transact_history`*/;
/*!50001 SET @saved_cs_client          = @@character_set_client */;
/*!50001 SET @saved_cs_results         = @@character_set_results */;
/*!50001 SET @saved_col_connection     = @@collation_connection */;
/*!50001 SET character_set_client      = cp850 */;
/*!50001 SET character_set_results     = cp850 */;
/*!50001 SET collation_connection      = cp850_general_ci */;
/*!50001 CREATE ALGORITHM=UNDEFINED */
/*!50013 DEFINER=`root`@`localhost` SQL SECURITY DEFINER */
/*!50001 VIEW `transact_history` AS select `transactions`.`transaction_id` AS `transaction_id`,`transactions`.`student_id` AS `student_id`,`transactions`.`amount` AS `amount` from `transactions` */;
/*!50001 SET character_set_client      = @saved_cs_client */;
/*!50001 SET character_set_results     = @saved_cs_results */;
/*!50001 SET collation_connection      = @saved_col_connection */;
/*!40103 SET TIME_ZONE=@OLD_TIME_ZONE */;

/*!40101 SET SQL_MODE=@OLD_SQL_MODE */;
/*!40014 SET FOREIGN_KEY_CHECKS=@OLD_FOREIGN_KEY_CHECKS */;
/*!40014 SET UNIQUE_CHECKS=@OLD_UNIQUE_CHECKS */;
/*!40101 SET CHARACTER_SET_CLIENT=@OLD_CHARACTER_SET_CLIENT */;
/*!40101 SET CHARACTER_SET_RESULTS=@OLD_CHARACTER_SET_RESULTS */;
/*!40101 SET COLLATION_CONNECTION=@OLD_COLLATION_CONNECTION */;
/*!40111 SET SQL_NOTES=@OLD_SQL_NOTES */;

-- Dump completed on 2025-05-06 18:35:52
